<?xml version="1.0" encoding="UTF-8"?>
<project-private xmlns="http://www.netbeans.org/ns/project-private/1">
    <editor-bookmarks xmlns="http://www.netbeans.org/ns/editor-bookmarks/2" lastBookmarkId="0"/>
    <open-files xmlns="http://www.netbeans.org/ns/projectui-open-files/2">
        <group>
            <file>file:/C:/Users/autologon.CSED/Documents/NetBeansProjects/Proj_Aula02/src/Exemplo_O5/Poupanca.java</file>
            <file>file:/C:/Users/autologon.CSED/Documents/NetBeansProjects/Proj_Aula02/src/Exemplo_O5/Conta.java</file>
            <file>file:/C:/Users/autologon.CSED/Documents/NetBeansProjects/Proj_Aula02/src/Exemplo_O5/Corrente.java</file>
            <file>file:/C:/Users/autologon.CSED/Documents/NetBeansProjects/Proj_Aula02/src/Exemplo_O5/Principal.java</file>
        </group>
    </open-files>
</project-private>
